{
  "netflow": "OSMapping/network/NetFlowMapping.json",
  "ad_ldap": "OSMapping/ad_ldap/mappings.json",
  "apache_access": "OSMapping/apache_access/mappings.json",
  "cloudtrail": "OSMapping/cloudtrail/mappings.json",
  "dns": "OSMapping/dns/mappings.json",
  "network": "OSMapping/network/mappings.json",
  "others_application": "OSMapping/others_application/mappings.json",
  "others_apt": "OSMapping/others_apt/mappings.json",
  "others_cloud": "OSMapping/others_cloud/mappings.json",
  "others_compliance": "OSMapping/others_compliance/mappings.json",
  "others_macos": "OSMapping/others_macos/mappings.json",
  "others_proxy": "OSMapping/others_proxy/mappings.json",
  "others_web": "OSMapping/others_web/mappings.json",
  "s3": "OSMapping/s3/mappings.json",
  "windows": "OSMapping/windows/mappings.json",
  "test_windows": "OSMapping/test_windows/mappings.json"
}