{
  "properties": {
    "srcaddr": {
      "type": "alias",
      "path": "netflow.event_data.SourceAddress"
    },
    "dstport": {
      "type": "alias",
      "path": "netflow.event_data.DestinationPort"
    },
    "dstaddr": {
      "type": "alias",
      "path": "netflow.event_data.DestAddress"
    },
    "srcport": {
      "type": "alias",
      "path": "netflow.event_data.SourcePort"
    },
    "user": {
      "type": "nested",
      "properties": {
        "user_alias": {
          "type": "alias",
          "path": "user.first"
        }
      }
    }
  }
}