{
  "properties": {
    "rsa-web-p_url": {
      "path": "rsa.web.p_url",
      "type": "alias"
    },
    "rsa-misc-status": {
      "path": "rsa.misc.status",
      "type": "alias"
    },
    "rsa-web-p_user_agent": {
      "path": "rsa.web.p_user_agent",
      "type": "alias"
    },
    "rsa-web-p_web_method": {
      "path": "rsa.web.p_web_method",
      "type": "alias"
    },
    "rsa-web-web_ref_query": {
      "path": "rsa.web.web_ref_query",
      "type": "alias"
    },
    "rsa-misc-username_fld": {
      "path": "rsa.misc.username_fld",
      "type": "alias"
    },
    "timestamp": {
      "path": "creationTime",
      "type": "alias"
    }
  }
}
