{
  "properties": {
    "cloud.account.id": {
      "path": "account_id",
      "type": "alias"
    },
    "cloud.region": {
      "path": "region",
      "type": "alias"
    },
    "network.packets": {
      "path": "network_packets",
      "type": "alias"
    },
    "source.packets": {
      "path": "source_packets",
      "type": "alias"
    },
    "source.ip": {
      "path": "source_ip",
      "type": "alias"
    },
    "source.geo.country_iso_code": {
      "path": "source_geo_country_iso_code",
      "type": "alias"
    },
    "zeek-smb_files-name": {
      "path": "zeek.smb_files.name",
      "type": "alias"
    },
    "zeek-x509-certificate-serial": {
      "path": "zeek.x509-certificate.serial",
      "type": "alias"
    },
    "netflow-tcp_destination_port": {
      "path": "netflow.tcp_destination_port",
      "type": "alias"
    },
    "netflow-destination_transport_port": {
      "path": "netflow-destination_transport_port",
      "type": "alias"
    },
    "netflow-firewall_event": {
      "path": "netflow.firewall_event",
      "type": "alias"
    },
    "zeek-smb_files-path": {
      "path": "zeek.smb_files.path",
      "type": "alias"
    },
    "zeek-dns-qtype_name": {
      "path": "zeek.dns.qtype_name",
      "type": "alias"
    },
    "zeek-dce_rpc-endpoint": {
      "path": "zeek.dce_rpc.endpoint",
      "type": "alias"
    },
    "zeek-dce_rpc-operation": {
      "path": "zeek.dce_rpc.operation",
      "type": "alias"
    },
    "zeek-dns-answers": {
      "path": "zeek.dns.answers",
      "type": "alias"
    },
    "zeek-dns-query": {
      "path": "zeek.dns.query",
      "type": "alias"
    },
    "zeek-http-client_header_names": {
      "path": "zeek.http.client_header_names",
      "type": "alias"
    },
    "zeek-http-resp_mime_types": {
      "path": "zeek.http.resp_mime_types",
      "type": "alias"
    },
    "zeek-kerberos-cipher": {
      "path": "zeek.kerberos.cipher",
      "type": "alias"
    },
    "zeek-kerberos-request_type": {
      "path": "zeek.kerberos.request_type",
      "type": "alias"
    },
    "timestamp": {
      "path": "creationTime",
      "type": "alias"
    }
  }
}
