{
  "properties": {
    "windows-event_data-CommandLine": {
      "type": "alias",
      "path": "windows-event_data-CommandLine"
    },
    "event_uid": {
      "type": "alias",
      "path": "event_uid"
    },
    "windows-hostname": {
      "type": "alias",
      "path": "windows-hostname"
    },
    "windows-message": {
      "type": "alias",
      "path": "windows-message"
    },
    "windows-provider-name": {
      "type": "alias",
      "path": "windows-provider-name"
    },
    "windows-servicename": {
      "type": "alias",
      "path": "windows-servicename"
    }
  }
}