{
  "properties": {
    "user-filesystem-name": {
      "path": "user.filesystem.name",
      "type": "alias"
    },
    "auditd-log-a0": {
      "path": "auditd.log.a0",
      "type": "alias"
    },
    "auditd-log-comm": {
      "path": "auditd.log.comm",
      "type": "alias"
    },
    "auditd-log-exe": {
      "path": "auditd.log.exe",
      "type": "alias"
    },
    "auditd-log-uid": {
      "path": "auditd.log.uid",
      "type": "alias"
    },
    "system-auth-user": {
      "path": "system.auth.user",
      "type": "alias"
    },
    "process-exe": {
      "path": "process.exe",
      "type": "alias"
    },
    "rsa-web-remote_domain": {
      "path": "rsa.web.remote_domain",
      "type": "alias"
    },
    "process-command_line": {
      "path": "process.command_line",
      "type": "alias"
    },
    "process-parent-executable": {
      "path": "process.parent.executable",
      "type": "alias"
    },
    "process-working_directory": {
      "path": "process.working_directory",
      "type": "alias"
    },
    "process-real_user-id": {
      "path": "process.real_user.id",
      "type": "alias"
    },
    "timestamp": {
      "path": "creationTime",
      "type": "alias"
    }
  }
}