{
  "properties": {
    "source.ip": {
      "type": "alias",
      "path": "netflow.source_ipv4_address"
    },
    "source.port": {
      "type": "alias",
      "path": "netflow.source_transport_port"
    },
    "destination.ip": {
      "type": "alias",
      "path": "netflow.destination_ipv4_address"
    },
    "destination.port": {
      "type": "alias",
      "path": "netflow.destination_transport_port"
    },
    "http.request.method": {
      "type": "alias",
      "path": "netflow.http_request_method"
    },
    "http.response.status_code": {
      "type": "alias",
      "path": "netflow.http_status_code"
    }
  }
}