{
  "properties": {
    "aws-cloudtrail-eventType": {
      "type": "alias",
      "path": "aws.cloudtrail.eventType"
    },
    "aws-cloudtrail-eventSource": {
      "type": "alias",
      "path": "aws.cloudtrail.eventSource"
    },
    "aws-cloudtrail-requestParameters-arn": {
      "type": "alias",
      "path": "aws.cloudtrail.requestParameters.arn"
    },
    "aws-cloudtrail-requestParameters-attribute": {
      "type": "alias",
      "path": "aws.cloudtrail.requestParameters.attribute"
    },
    "aws-cloudtrail-requestParameters-userName": {
      "type": "alias",
      "path": "aws.cloudtrail.requestParameters.userName"
    },
    "aws-cloudtrail-requestParameters-containerDefinitions-command": {
      "type": "alias",
      "path": "aws.cloudtrail.requestParameters.containerDefinitions.command"
    },
    "aws-cloudtrail-userIdentity-type": {
      "type": "alias",
      "path": "aws.cloudtrail.userIdentity.type"
    },
    "aws-cloudtrail-userIdentity-arn": {
      "type": "alias",
      "path": "aws.cloudtrail.userIdentity.arn"
    },
    "userIdentity-sessionContext-sessionIssuer-type": {
      "type": "alias",
      "path": "aws.cloudtrail.userIdentity.sessionContext.sessionIssuer.type"
    }
  }
}