{
  "properties": {
    "cloud.account.id": {
      "type": "alias",
      "path": "aws.cloudtrail.recipient_account_id"
    },
    "cloud.region": {
      "type": "alias",
      "path": "region_id"
    },
    "source.geo.country_iso_code": {
      "type": "alias",
      "path": "src_country_iso_code"
    },
    "source.geo.country_name": {
      "type": "alias",
      "path": "src_geo_country_name"
    },
    "source.as.organization.name": {
      "type": "alias",
      "path": "src_as_org_name"
    },
    "source.ip": {
      "type": "alias",
      "path": "src_ip"
    },
    "userIdentity.arn": {
      "type": "alias",
      "path": "aws.cloudtrail.user_identity.arn"
    },
    "eventName": {
      "type": "alias",
      "path": "aws.cloudtrail.eventName"
    },
    "eventType": {
      "type": "alias",
      "path": "aws.cloudtrail.eventType"
    },
    "errorCode": {
      "type": "alias",
      "path": "aws.cloudtrail.error_code"
    },
    "eventSource": {
      "type": "alias",
      "path": "aws.cloudtrail.eventType"
    },
    "tlsDetails.tlsVersion": {
      "type": "alias",
      "path": "tls_version"
    },
    "user_agent.name": {
      "type": "alias",
      "path": "user_agent"
    },
    "threat.matched.providers": {
      "type": "alias",
      "path": "thread_matched_providers"
    },
    "aws-cloudtrail-event_name": {
      "type": "alias",
      "path": "aws.cloudtrail.event_name"
    },
    "aws-cloudtrail-event_source": {
      "type": "alias",
      "path": "aws.cloudtrail.event_source"
    },
    "aws-cloudtrail-event_type": {
      "type": "alias",
      "path": "aws.cloudtrail.event_type"
    },
    "aws-cloudtrail-error_message": {
      "type": "alias",
      "path": "aws.cloudtrail.error_message"
    },
    "aws-cloudtrail-error_code": {
      "type": "alias",
      "path": "aws.cloudtrail.error_code"
    },
    "aws-cloudtrail-response_elements-text": {
      "type": "alias",
      "path": "aws.cloudtrail.response_elements.text"
    },
    "aws-cloudtrail-response_elements-pending_modified_values-master_user_password": {
      "type": "alias",
      "path": "aws.cloudtrail.response_elements.pending_modified_values.master_user_password"
    },
    "aws-cloudtrail-response_elements-publicly_accessible": {
      "type": "alias",
      "path": "aws.cloudtrail.response_elements.publicly_accessible"
    },
    "aws-cloudtrail-request_parameters-arn": {
      "type": "alias",
      "path": "aws.cloudtrail.request_parameters.arn"
    },
    "aws-cloudtrail-request_parameters-attribute": {
      "type": "alias",
      "path": "aws.cloudtrail.request_parameters.attribute"
    },
    "aws-cloudtrail-request_parameters-username": {
      "type": "alias",
      "path": "aws.cloudtrail.request_parameters.username"
    },
    "aws-cloudtrail-request_parameters-container_definitions-command": {
      "type": "alias",
      "path": "aws.cloudtrail.request_parameters.container_definitions.command"
    },
    "aws-cloudtrail-user_identity-session_context-session_issuer-type": {
      "type": "alias",
      "path": "aws.cloudtrail.user_identity.session_context.session_issuer.type"
    },
    "aws-cloudtrail-user_identity-arn": {
      "type": "alias",
      "path": "aws-cloudtrail-user_identity-arn"
    },
    "timestamp": {
      "path": "@timestamp",
      "type": "alias"
    }
  }
}