{
  "_meta" : {
    "schema_version": 1
  },
  "properties": {
    "detector": {
      "type": "nested",
      "dynamic": "false",
      "properties": {
        "name": {
          "type": "text",
          "fields": {
            "keyword": {
              "type": "keyword",
              "ignore_above": 256
            }
          }
        },
        "detector_type": {
          "type": "keyword"
        },
        "user": {
          "properties": {
            "name": {
              "type": "text",
              "fields": {
                "keyword": {
                  "type": "keyword",
                  "ignore_above": 256
                }
              }
            },
            "backend_roles": {
              "type": "text",
              "fields": {
                "keyword": {
                  "type": "keyword"
                }
              }
            },
            "roles": {
              "type": "text",
              "fields": {
                "keyword": {
                  "type": "keyword"
                }
              }
            },
            "custom_attribute_names": {
              "type": "text",
              "fields": {
                "keyword": {
                  "type": "keyword"
                }
              }
            }
          }
        },
        "type": {
          "type": "keyword"
        },
        "enabled": {
          "type": "boolean"
        },
        "enabled_time": {
          "type": "date",
          "format": "strict_date_time||epoch_millis"
        },
        "last_update_time": {
          "type": "date",
          "format": "strict_date_time||epoch_millis"
        },
        "alert_index": {
          "type": "text",
          "fields": {
            "keyword": {
              "type": "keyword",
              "ignore_above": 256
            }
          }
        },
        "findings_index": {
          "type": "text",
          "fields": {
            "keyword": {
              "type": "keyword",
              "ignore_above": 256
            }
          }
        },
        "rule_index": {
          "type": "text",
          "fields": {
            "keyword": {
              "type": "keyword",
              "ignore_above": 256
            }
          }
        },
        "monitor_id": {
          "type": "keyword"
        },
        "schedule": {
          "properties": {
            "period": {
              "properties": {
                "interval": {
                  "type": "integer"
                },
                "unit": {
                  "type": "keyword"
                }
              }
            },
            "cron": {
              "properties": {
                "expression": {
                  "type": "text"
                },
                "timezone": {
                  "type": "keyword"
                }
              }
            }
          }
        },
        "inputs": {
          "type": "nested",
          "properties": {
            "detector_input": {
              "type": "nested",
              "properties": {
                "description": {
                  "type": "text",
                  "fields": {
                    "keyword": {
                      "type": "keyword",
                      "ignore_above": 256
                    }
                  }
                },
                "indices": {
                  "type": "text",
                  "fields": {
                    "keyword": {
                      "type": "keyword",
                      "ignore_above": 256
                    }
                  }
                },
                "custom_rules": {
                  "type": "nested",
                  "properties": {
                    "id": {
                      "type": "text"
                    }
                  }
                },
                "pre_packaged_rules": {
                  "type": "nested",
                  "properties": {
                    "id": {
                      "type": "text"
                    }
                  }
                }
              }
            }
          }
        }
      }
    }
  }
}