{
  "properties": {
    "winlog-computerObject-name": {
      "path": "winlog.computerObject.name",
      "type": "alias"
    },
    "winlog-event_data-AuthenticationPackageName": {
      "path": "winlog.event_data.AuthenticationPackageName",
      "type": "alias"
    },
    "winlog-channel": {
      "path": "winlog.channel",
      "type": "alias"
    },
    "winlog-event_data-Company": {
      "path": "winlog.event_data.Company",
      "type": "alias"
    },
    "winlog-computer_name": {
      "path": "winlog.computer_name",
      "type": "alias"
    },
    "winlog-event_data-Description": {
      "path": "winlog.event_data.Description",
      "type": "alias"
    },
    "winlog-event_data-Detail": {
      "path": "winlog.event_data.Detail",
      "type": "alias"
    },
    "winlog-event_data-DeviceName": {
      "path": "winlog.event_data.DeviceName",
      "type": "alias"
    },
    "winlog-event_data-OriginalFileName": {
      "path": "winlog.event_data.OriginalFileName",
      "type": "alias"
    },
    "winlog-event_data-FileVersion": {
      "path": "winlog.event_data.FileVersion",
      "type": "alias"
    },
    "winlog-event_data-IntegrityLevel": {
      "path": "winlog.event_data.IntegrityLevel",
      "type": "alias"
    },
    "winlog-event_data-IpAddress": {
      "path": "winlog.event_data.IpAddress",
      "type": "alias"
    },
    "winlog-event_data-KeyLength": {
      "path": "winlog.event_data.KeyLength",
      "type": "alias"
    },
    "winlog-keywords": {
      "path": "winlog.keywords",
      "type": "alias"
    },
    "winlog-event_data-LogonId": {
      "path": "winlog.event_data.LogonId",
      "type": "alias"
    },
    "winlog-event_data-LogonProcessName": {
      "path": "winlog.event_data.LogonProcessName",
      "type": "alias"
    },
    "winlog-event_data-LogonType": {
      "path": "winlog.event_data.LogonType",
      "type": "alias"
    },
    "winlog-event_data-Path": {
      "path": "winlog.event_data.Path",
      "type": "alias"
    },
    "winlog-event_data-PrivilegeList": {
      "path": "winlog.event_data.PrivilegeList",
      "type": "alias"
    },
    "winlog-event_data-ProcessId": {
      "path": "winlog.event_data.ProcessId",
      "type": "alias"
    },
    "winlog-event_data-Product": {
      "path": "winlog.event_data.Product",
      "type": "alias"
    },
    "winlog-provider_name": {
      "path": "winlog.provider_name",
      "type": "alias"
    },
    "winlog-event_data-ScriptBlockText": {
      "path": "winlog.event_data.ScriptBlockText",
      "type": "alias"
    },
    "winlog-event_data-TargetServerName": {
      "path": "winlog.event_data.TargetServerName",
      "type": "alias"
    },
    "winlog-event_data-ServiceName": {
      "path": "winlog.event_data.ServiceName",
      "type": "alias"
    },
    "winlog-event_data-Signed": {
      "path": "winlog.event_data.Signed",
      "type": "alias"
    },
    "winlog-event_data-State": {
      "path": "winlog.event_data.State",
      "type": "alias"
    },
    "winlog-event_data-Status": {
      "path": "winlog.event_data.Status",
      "type": "alias"
    },
    "winlog-event_data-SubjectDomainName": {
      "path": "winlog.event_data.SubjectDomainName",
      "type": "alias"
    },
    "winlog-event_data-SubjectLogonId": {
      "path": "winlog.event_data.SubjectLogonId",
      "type": "alias"
    },
    "winlog-event_data-SubjectUserName": {
      "path": "winlog.event_data.SubjectUserName",
      "type": "alias"
    },
    "winlog-event_data-SubjectUserSid": {
      "path": "winlog.event_data.SubjectUserSid",
      "type": "alias"
    },
    "winlog-event_data-TargetLogonId": {
      "path": "winlog.event_data.TargetLogonId",
      "type": "alias"
    },
    "winlog-event_data-TargetUserName": {
      "path": "winlog.event_data.TargetUserName",
      "type": "alias"
    },
    "winlog-event_data-TargetUserSid": {
      "path": "winlog.event_data.TargetUserSid",
      "type": "alias"
    },
    "winlog-task": {
      "path": "winlog.task",
      "type": "alias"
    },
    "winlog-user-type": {
      "path": "winlog.user.type",
      "type": "alias"
    },
    "winlog-user-name": {
      "path": "winlog.user.name",
      "type": "alias"
    },
    "winlog-event_data-Workstation": {
      "path": "winlog.event_data.Workstation",
      "type": "alias"
    },
    "winlog-event_id": {
      "path": "winlog.event_id",
      "type": "alias"
    },
    "server-user-hash": {
      "path": "server.user.hash",
      "type": "alias"
    },
    "host-hostname": {
      "path": "host.hostname",
      "type": "alias"
    },
    "windows-message": {
      "path": "windows.message",
      "type": "alias"
    },
    "winlog-event_data-ProcessPath": {
      "path": "winlog.event_data.ProcessPath",
      "type": "alias"
    },
    "winlog-event_data-ProcessName": {
      "path": "winlog.event_data.ProcessName",
      "type": "alias"
    },
    "winlog-event_data-param1": {
      "path": "winlog.event_data.param1",
      "type": "alias"
    },
    "winlog-event_data-param2": {
      "path": "winlog.event_data.param2",
      "type": "alias"
    },
    "timestamp": {
      "path": "creationTime",
      "type": "alias"
    }
  }
}