{
  "properties": {
    "azure-signinlogs-properties-user_id": {
      "path": "azure.signinlogs.props.user_id",
      "type": "alias"
    },
    "azure-activitylogs-category": {
      "path": "azure.activitylogs.category",
      "type": "alias"
    },
    "azure-platformlogs-operation_name": {
      "path": "azure.platformlogs.operation_name",
      "type": "alias"
    },
    "modified_properties-new_value": {
      "path": "modified_properties.new_value",
      "type": "alias"
    },
    "azure-resource-provider": {
      "path": "azure.resource.provider",
      "type": "alias"
    },
    "azure-signinlogs-properties-conditional_access_status": {
      "path": "azure.signinlogs.props.conditional_access_status",
      "type": "alias"
    },
    "SearchFilter": {
      "path": "SearchFilter",
      "type": "alias"
    },
    "azure-platformlogs-result_type": {
      "path": "azure.platformlogs.result_type",
      "type": "alias"
    },
    "azure-signinlogs-properties-device_detail-is_compliant": {
      "path": "azure.signinlogs.props.device_detail.is_compliant",
      "type": "alias"
    },
    "ResourceDisplayName": {
      "path": "ResourceDisplayName",
      "type": "alias"
    },
    "azure-signinlogs-properties-authentication_requirement": {
      "path": "azure.signinlogs.props.authentication_requirement",
      "type": "alias"
    },
    "TargetResources": {
      "path": "TargetResources",
      "type": "alias"
    },
    "Workload": {
      "path": "Workload",
      "type": "alias"
    },
    "azure-signinlogs-properties-device_detail-device_id": {
      "path": "azure.signinlogs.props.device_detail.device_id",
      "type": "alias"
    },
    "azure-signinlogs-properties-resource_id": {
      "path": "azure.signinlogs.props.resource_id",
      "type": "alias"
    },
    "EventID": {
      "path": "EventID",
      "type": "alias"
    },
    "azure-signinlogs-properties-network_location_details": {
      "path": "azure.signinlogs.props.network_location_details",
      "type": "alias"
    },
    "azure-auditlogs-properties-activity_display_name": {
      "path": "azure.auditlogs.props.activity_display_name",
      "type": "alias"
    },
    "azure-signinlogs-result-description": {
      "path": "azure.signinlogs.result-description",
      "type": "alias"
    },
    "eventSource": {
      "path": "eventSource",
      "type": "alias"
    },
    "eventName": {
      "path": "eventName",
      "type": "alias"
    },
    "azure-platformlogs-status": {
      "path": "azure.platformlogs.status",
      "type": "alias"
    },
    "azure-auditlogs-properties-logged_by_service": {
      "path": "azure.auditlogs.props.logged_by_service",
      "type": "alias"
    },
    "properties_message": {
      "path": "properties_message",
      "type": "alias"
    },
    "timestamp": {
      "path": "@timestamp",
      "type": "alias"
    }
  }
}